algorytm;instancja;rozwiązanie bazowe;  typ ruchu wewnątrztrasowego; średni czas; max czas; min czas;
greedy_walk;A;regretGC;swap_edges;47744;87006;35819
greedy_walk;B;regretGC;swap_edges;39632;56859;24390
greedy_walk;A;random;swap_edges;477925;1010042;11073
greedy_walk;B;random;swap_edges;511583;913702;36139
greedy_walk;A;regretGC;swap_vertices;46649.9;103776;33216
greedy_walk;B;regretGC;swap_vertices;36570.3;59624;25465
greedy_walk;A;random;swap_vertices;539273;1049004;8119
greedy_walk;B;random;swap_vertices;561885;1102398;38648
steep_walk;A;regretGC;swap_edges;41383;88499;27824
steep_walk;B;regretGC;swap_edges;35087.9;54281;22796
steep_walk;A;random;swap_edges;123792;306990;69
steep_walk;B;random;swap_edges;142744;267481;61
steep_walk;A;regretGC;swap_vertices;45264.3;71051;32187
steep_walk;B;regretGC;swap_vertices;38072;67446;25021
steep_walk;A;random;swap_vertices;186677;449285;74
steep_walk;B;random;swap_vertices;207782;408231;68
random_walk;A;regretGC;swap_edges;24690.7;49420;934
random_walk;B;regretGC;swap_edges;20057;40040;856
random_walk;A;random;swap_edges;230911;478108;3009
random_walk;B;random;swap_edges;260066;511682;7007
random_walk;A;regretGC;swap_vertices;24049.1;46678;875
random_walk;B;regretGC;swap_vertices;19141.9;38486;869
random_walk;A;random;swap_vertices;258449;539553;4042
random_walk;B;random;swap_vertices;286440;562245;10450



algorytm;instancja;rozwiązanie bazowe;  typ ruchu wewnątrztrasowego; średni wynik; max wynik; min wynik
greedy_walk;A;regretGC;swap_edges6320.32;7288;5007
greedy_walk;B;regretGC;swap_edges18429;19548;17230
greedy_walk;A;random;swap_edges5539.88;6990;1256
greedy_walk;B;random;swap_edges17033.8;18788;7891
greedy_walk;A;regretGC;swap_vertices6263.88;7198;4996
greedy_walk;B;regretGC;swap_vertices18197.3;19548;17158
greedy_walk;A;random;swap_vertices-11685.9;3262;-23663
greedy_walk;B;random;swap_vertices-1650.57;14323;-14469
steep_walk;A;regretGC;swap_edges6343.94;7488;4996
steep_walk;B;regretGC;swap_edges18454.6;19548;17247
steep_walk;A;random;swap_edges5496.32;7561;142
steep_walk;B;random;swap_edges16348.6;19319;251
steep_walk;A;regretGC;swap_vertices6303.95;7214;4996
steep_walk;B;regretGC;swap_vertices18217.6;19548;17177
steep_walk;A;random;swap_vertices-7123.46;5146;-26238
steep_walk;B;random;swap_vertices1869.81;16400;-18714
random_walk;A;regretGC;swap_edges2905.14;3670;1760
random_walk;B;regretGC;swap_edges15436.5;16316;14365
random_walk;A;random;swap_edges-147031;-3740;-284803
random_walk;B;random;swap_edges-141482;-3072;-260724
random_walk;A;regretGC;swap_vertices2905.14;3670;1760
random_walk;B;regretGC;swap_vertices15436.5;16316;14365
random_walk;A;random;swap_vertices-145983;-3740;-278945
random_walk;B;random;swap_vertices-140607;-3072;-261482

algorytm;instancja;średni wynik; max wynik; min wynikregretGC;A;6191.96;6985;4810
regretGC;B;18055.9;19486;17086
random;A;-2394.29;380;-11040
random;B;-3398.81;864;-12010